model,RMSE,MAE,R2
gradient_boosting_tuned,21653.460076621355,15510.04702921928,0.9151166770431222
gradient_boosting,22155.655799783588,15830.123983944064,0.9111337232872413
lasso,22185.87581626159,15787.76525805083,0.9108911331430959
lasso_tuned,22185.87581626159,15787.76525805083,0.9108911331430959
ridge,22691.243733567684,16281.434805666779,0.9067853084037457
ridge_tuned,22691.243733567684,16281.434805666779,0.9067853084037457
random_forest_tuned,24127.889526953724,16992.667186279552,0.8946082934129036
random_forest,24217.121191478356,16873.665011415527,0.89382731609488
linear_regression,25284.078075198388,17695.115475194438,0.884265720838093
